Cateogría Compuesta,Nivel 1,Nivel 2,Nivel 3,,,Keyword 1,Keyword 2
Cine y Televisión > Alien,Cine y Televisión,Alien,,,,Alien,
Terror > Alien,Terror,Alien,,,,Alien,
Cine y Televisión,Cine y Televisión,,,,,Alien,
Cine y Televisión > Alien vs Predator,Cine y Televisión,Alien vs Predator,,,,Alien vs Predator,
Terror > Alien vs Predator,Terror,Alien vs Predator,,,,Alien vs Predator,
Videojuegos > Alien vs Predator,Videojuegos,Alien vs Predator,,,,Alien vs Predator,
Videojuegos,Videojuegos,,,,,Alien vs Predator,
Terror > Ash Vs Evil Dead,Terror,Ash Vs Evil Dead,,,,Ash Vs Evil Dead,
Manga y Anime > Attack on Titan - Ataque de los Titanes - Shingeki no Kyojin,Manga y Anime,Attack on Titan - Ataque de los Titanes - Shingeki no Kyojin,,,,Attack on Titan,
Fabricantes / Marcas > Bandai,Fabricantes / Marcas,Bandai,,,,Bandai,
Fabricantes / Marcas > Banpresto,Fabricantes / Marcas,Banpresto,,,,Banpresto,
Cine y Televisión > Blade Runner,Cine y Televisión,Blade Runner,,,,Blade Runner,
Cine y Televisión,Cine y Televisión,,,,,Blade Runner,
Cine y Televisión > Breaking Bad,Cine y Televisión,Breaking Bad,,,,Breaking Bad,
Videojuegos > Call of Duty,Videojuegos,Call of Duty,,,,Call of Duty,
Videojuegos,Videojuegos,,,,,Call of Duty,
Manga y Anime > Captain Tsubasa - Campeones - Oliver y Benji,Manga y Anime,Captain Tsubasa - Campeones - Oliver y Benji,,,,Campeones,
Manga y Anime,Manga y Anime,,,,,Campeones,
Manga y Anime > Captain Tsubasa - Campeones - Oliver y Benji,Manga y Anime,Captain Tsubasa - Campeones - Oliver y Benji,,,,Captain Tsubasa,
Manga y Anime,Manga y Anime,,,,,Captain Tsubasa,
Manga y Anime > Cosmo Fleet Special,Manga y Anime,Cosmo Fleet Special,,,,Cosmo Fleet Special,
Manga y Anime,Manga y Anime,,,,,Cosmo Fleet Special,
Superhéroes > DC,Superhéroes,DC,,,,DC,
Manga y Anime > Death Note,Manga y Anime,Death Note,,,,Death Note,
Manga y Anime,Manga y Anime,,,,,Death Note,
Terror > Depredador - Predator,Terror,Depredador - Predator,,,,Depredador - Predator,
Videojuegos > Destiny,Videojuegos,Destiny,,,,Destiny,
Videojuegos,Videojuegos,,,,,Destiny,
Fabricantes / Marcas > Diamond Select Toys - Gallery,Fabricantes / Marcas,Diamond Select Toys - Gallery,,,,Diamond Select,
Cine y Televisión > Disney,Cine y Televisión,Disney,,,,Disney,
Cine y Televisión > Doctor Who,Cine y Televisión,Doctor Who,,,,Doctor Who,
Manga y Anime > Doreamon,Manga y Anime,Doreamon,,,,Doreamon,
Manga y Anime,Manga y Anime,,,,,Doreamon,
Manga y Anime > Dr. Slump - Arale,Manga y Anime,Dr. Slump - Arale,,,,Dr. Slump,
Manga y Anime > Dr. Slump - Arale > Figuras,Manga y Anime,Dr. Slump - Arale,Figuras,,,Dr. Slump,Figura
Manga y Anime,Manga y Anime,,,,,Dr. Slump,
Manga y Anime > Dragon Ball,Manga y Anime,Dragon Ball,,,,Dragon Ball,
Manga y Anime > Dragon Ball > Figuras,Manga y Anime,Dragon Ball,Figuras,,,Dragon Ball,Figura
,Manga y Anime,Dragon Ball,,,,DragonBall,
,Manga y Anime,Dragon Ball,Figuras,,,DragonBall,Figura
Manga y Anime,Manga y Anime,,,,,Dragon Ball,
Manga y Anime > El Puño de la Estrella del Norte - Fist of the North Star,Manga y Anime,El Puño de la Estrella del Norte - Fist of the North Star,,,,El Puño de la Estrella del Norte,
Manga y Anime,Manga y Anime,,,,,El Puño de la Estrella del Norte,
Cine y Televisión > El señor de los anillos,Cine y Televisión,El señor de los anillos,,,,El señor de los anillos,
Manga y Anime > Evangelion,Manga y Anime,Evangelion,,,,Evangelion,
Manga y Anime,Manga y Anime,,,,,Evangelion,
Manga y Anime > Fate Apocrypha,Manga y Anime,Fate Apocrypha,,,,Fate Apocrypha,
Manga y Anime > Fate Stay Night Heaven's Feel,Manga y Anime,Fate Stay Night Heaven's Feel,,,,Fate Stay Night Heaven's Feel,
Manga y Anime,Manga y Anime,,,,,Fate Stay Night Heaven's Feel,
Manga y Anime > Fate/Grand Order - Absolute Demonic Front: Babylonia,Manga y Anime,Fate/Grand Order - Absolute Demonic Front: Babylonia,,,,Fate/Grand Order,
Videojuegos > Fate/Grand Order - Absolute Demonic Front: Babylonia,Videojuegos,Fate/Grand Order - Absolute Demonic Front: Babylonia,,,,Fate/Grand Order,
Manga y Anime,Manga y Anime,,,,,Fate/Grand Order,
Videojuegos,Videojuegos,,,,,Fate/Grand Order,
Fabricantes / Marcas > Good Smile > Figma,Fabricantes / Marcas,Good Smile,Figma,,,Figma,
Fabricantes / Marcas > Tamashii Natios > Figuarts mini,Fabricantes / Marcas,Tamashii Natios,Figuarts mini,,,Figuarts mini,
Fabricantes / Marcas > Tamashii Natios > Figuarts Zero,Fabricantes / Marcas,Tamashii Natios,Figuarts Zero,,,Figuarts Zero,
Videojuegos > Final Fantasy,Videojuegos,Final Fantasy,,,,Final Fantasy,
Videojuegos,Videojuegos,,,,,Final Fantasy,
Manga y Anime > El Puño de la Estrella del Norte - Fist of the North Star,Manga y Anime,El Puño de la Estrella del Norte - Fist of the North Star,,,,Fist of the North Star,
Manga y Anime,Manga y Anime,,,,,Fist of the North Star,
Cine y Televisión > Friends,Cine y Televisión,Friends,,,,Friends,
Manga y Anime > Fullmetal Alchemist,Manga y Anime,Fullmetal Alchemist,,,,Fullmetal Alchemist,
Manga y Anime > Fullmetal Alchemist > Figuras,Manga y Anime,Fullmetal Alchemist,Figuras,,,Fullmetal Alchemist,Figura
Manga y Anime,Manga y Anime,,,,,Fullmetal Alchemist,
Funko Pop > Big Bang Theory,Funko Pop,Big Bang Theory,,,,Funko Pop,Big Bang Theory
Funko Pop > Destiny,Funko Pop,Destiny,,,,Funko Pop,Destiny
Funko Pop > Disney,Funko Pop,Disney,,,,Funko Pop,Disney
Funko Pop > GAME OF THRONES,Funko Pop,GAME OF THRONES,,,,Funko Pop,GAME OF THRONES
Funko Pop > Gears of War,Funko Pop,Gears of War,,,,Funko Pop,Gears of War
Funko Pop > Harry Potter,Funko Pop,Harry Potter,,,,Funko Pop,Harry Potter
Funko Pop > Juego de tronos,Funko Pop,Juego de tronos,,,,Funko Pop,Juego de tronos
Funko Pop > Jurassic Park - Jurassic World - Parque Jurásico,Funko Pop,Jurassic Park - Jurassic World - Parque Jurásico,,,,Funko Pop,Jurassic Park
,Funko Pop,Jurassic Park - Jurassic World - Parque Jurásico,,,,Funko Pop,Parque Jurásico
,Funko Pop,Jurassic Park - Jurassic World - Parque Jurásico,,,,Funko Pop,Jurassic World
Funko Pop > Mad Max,Funko Pop,Mad Max,,,,Funko Pop,Mad Max
Funko Pop > MR. ROBOT,Funko Pop,MR. ROBOT,,,,Funko Pop,MR. ROBOT
Funko Pop > Power Rangers,Funko Pop,Power Rangers,,,,Funko Pop,Power Rangers
Funko Pop > Rick y Morty,Funko Pop,Rick y Morty,,,,Funko Pop,Rick y Morty
Funko Pop > South Park,Funko Pop,South Park,,,,Funko Pop,South Park
Funko Pop > Star Wars,Funko Pop,Star Wars,,,,Funko Pop,Star Wars
Funko Pop > Tekken,Funko Pop,Tekken,,,,Funko Pop,Tekken
Funko Pop > The Walking Dead,Funko Pop,The Walking Dead,,,,Funko Pop,The Walking Dead
Funko Pop,Funko Pop,,,,,Funko Pop,
Cine y Televisión > GAME OF THRONES,Cine y Televisión,GAME OF THRONES,,,,GAME OF THRONES,
Videojuegos > Gears of War,Videojuegos,Gears of War,,,,Gears of War,
Videojuegos > God Of War,Videojuegos,God Of War,,,,God Of War,
Videojuegos,Videojuegos,,,,,God Of War,
Cine y Televisión > Godzilla,Cine y Televisión,Godzilla,,,,Godzilla,
Fabricantes / Marcas > Good Smile,Fabricantes / Marcas,Good Smile,,,,Good Smile,
Manga y Anime > Gundam,Manga y Anime,Gundam,,,,Gundam,
Manga y Anime,Manga y Anime,,,,,Gundam,
Cine y Televisión > Harry Potter,Cine y Televisión,Harry Potter,,,,Harry Potter,
Manga y Anime > Hatsune Miku Racing,Manga y Anime,Hatsune Miku Racing,,,,Hatsune Miku Racing,
Manga y Anime,Manga y Anime,,,,,Hatsune Miku Racing,
Videojuegos > Horizon Zero Down,Videojuegos,Horizon Zero Down,,,,Horizon Zero Down,
Videojuegos,Videojuegos,,,,,Horizon Zero Down,
Videojuegos > Injustice,Videojuegos,Injustice,,,,Injustice,
Videojuegos,Videojuegos,,,,,Injustice,
Música > Iron Maiden,Música,Iron Maiden,,,,Iron Maiden,
Cine y Televisión > John Wick,Cine y Televisión,John Wick,,,,John Wick,
Manga y Anime > JOJO'S BIZARRE ADVENTURE,Manga y Anime,JOJO'S BIZARRE ADVENTURE,,,,JOJO'S BIZARRE ADVENTURE,
Manga y Anime > JOJO'S BIZARRE ADVENTURE > Figuras,Manga y Anime,JOJO'S BIZARRE ADVENTURE,Figuras,,,JOJO'S BIZARRE ADVENTURE,Figura
Manga y Anime,Manga y Anime,,,,,JOJO'S BIZARRE ADVENTURE,
Manga y Anime > Jojo’s Bizarre Adventure,Manga y Anime,Jojo’s Bizarre Adventure,,,,Jojo’s Bizarre Adventure,
Juegos de mesa,Juegos de mesa,,,,,Juego de mesa,
Cine y Televisión > Juego de Tronos,Cine y Televisión,Juego de Tronos,,,,Juego de Tronos,
Cine y Televisión > Jurassic Park - Jurassic World - Parque Jurásico,Cine y Televisión,Jurassic Park - Jurassic World - Parque Jurásico,,,,Jurassic Park,
,Cine y Televisión,Jurassic Park - Jurassic World - Parque Jurásico,,,,Parque Jurásico,
,Cine y Televisión,Jurassic Park - Jurassic World - Parque Jurásico,,,,Jurassic World,
,Cine y Televisión,,,,,Jurassic Park,
,Cine y Televisión,,,,,Parque Jurásico,
,Cine y Televisión,,,,,Jurassic World,
K-Pop > BTS,K-Pop,BTS,,,,K-Pop,BTS
K-Pop,K-Pop,,,,,K-Pop,
Manga y Anime > Kimetsu No Yaiba,Manga y Anime,Kimetsu No Yaiba,,,,Kimetsu No Yaiba,
Manga y Anime,Manga y Anime,,,,,Kimetsu No Yaiba,
Cine y Televisión > King Kong,Cine y Televisión,King Kong,,,,King Kong,
Cine y Televisión > King Kong Vs Godzilla,Cine y Televisión,King Kong Vs Godzilla,,,,King Kong Vs Godzilla,
Videojuegos > Kingdom Hearts,Videojuegos,Kingdom Hearts,,,,Kingdom Hearts,
Videojuegos,Videojuegos,,,,,Kingdom Hearts,
Cine y Televisión > La casa de papel,Cine y Televisión,La casa de papel,,,,La casa de papel,
Videojuegos > Legend Of Zelda,Videojuegos,Legend Of Zelda,,,,Legend Of Zelda,
Videojuegos,Videojuegos,,,,,Legend Of Zelda,
Manga y Anime > One Piece,Manga y Anime,One Piece,,,,LUFFY,
Manga y Anime,Manga y Anime,,,,,LUFFY,
Manga y Anime > Lupin the Third,Manga y Anime,Lupin the Third,,,,Lupin the Third,
Manga y Anime,Manga y Anime,,,,,Lupin the Third,
Cine y Televisión > Mad Max,Cine y Televisión,Mad Max,,,,Mad Max,
Superhéroes > Marvel,Superhéroes,Marvel,,,,Marvel,
Videojuegos > MASS EFFECT,Videojuegos,MASS EFFECT,,,,MASS EFFECT,
Manga y Anime > Mazinger,Manga y Anime,Mazinger,,,,Mazinger,
Manga y Anime,Manga y Anime,,,,,Mazinger,
Videojuegos > MEGAMAN,Videojuegos,MEGAMAN,,,,MEGAMAN,
Fabricantes / Marcas > Tamashii Natios > Metal Build,Fabricantes / Marcas,Tamashii Natios,Metal Build,,,Metal Build,
Manga y Anime > My Hero Academia,Manga y Anime,My Hero Academia,,,,My Hero Academia,
Manga y Anime > My Hero Academia > Figuras,Manga y Anime,My Hero Academia,Figuras,,,My Hero Academia,Figura
Manga y Anime,Manga y Anime,,,,,My Hero Academia,
Fabricantes / Marcas > Tamashii Natios > Myth Cloth,Fabricantes / Marcas,Tamashii Natios,Myth Cloth,,,Myth Cloth,
Manga y Anime > Naruto,Manga y Anime,Naruto,,,,Naruto,
Manga y Anime > Naruto > Figuras,Manga y Anime,Naruto,Figuras,,,Naruto,Figura
Manga y Anime,Manga y Anime,,,,,Naruto,
Fabricantes / Marcas > Neca,Fabricantes / Marcas,Neca,,,,NECA,
Fabricantes / Marcas > Neca,Fabricantes / Marcas,Neca,,,,Neca,
Fabricantes / Marcas > Good Smile > Nendoroid,Fabricantes / Marcas,Good Smile,Nendoroid,,,Nendoroid,
Cine y Televisión > Nightmare Before Christmas,Cine y Televisión,Nightmare Before Christmas,,,,Nightmare Before Christmas,
Manga y Anime > Captain Tsubasa - Campeones - Oliver y Benji,Manga y Anime,Captain Tsubasa - Campeones - Oliver y Benji,,,,Oliver y Benji,
Manga y Anime,Manga y Anime,,,,,Oliver y Benji,
Manga y Anime > One Piece,Manga y Anime,One Piece,,,,One Piece,
Manga y Anime > One Piece > Figuras,Manga y Anime,One Piece,Figuras,,,One Piece,Figura
Manga y Anime,Manga y Anime,,,,,One Piece,
Manga y Anime > One Punch Man,Manga y Anime,One Punch Man,,,,One Punch Man,
Manga y Anime,Manga y Anime,,,,,One Punch Man,
Videojuegos > Overwatch,Videojuegos,Overwatch,,,,Overwatch,
Videojuegos,Videojuegos,,,,,Overwatch,
Cine y Televisión > PACIFIC RIM,Cine y Televisión,PACIFIC RIM,,,,PACIFIC RIM,
Videojuegos > Portal,Videojuegos,Portal,,,,Portal,
Videojuegos,Videojuegos,,,,,Portal,
Cine y Televisión > Power Rangers,Cine y Televisión,Power Rangers,,,,Power Rangers,
Manga y Anime > Puella Magi Madoka Magica,Manga y Anime,Puella Magi Madoka Magica,,,,Puella Magi Madoka Magica,
Manga y Anime,Manga y Anime,,,,,Puella Magi Madoka Magica,
Fabricantes / Marcas > Banpresto > Q Posket,Fabricantes / Marcas,Banpresto,Q Posket,,,Q Posket,
Manga y Anime > Re:Zero Starting Life in Another World,Manga y Anime,Re:Zero Starting Life in Another World,,,,Re:Zero Starting Life in Another World,
Manga y Anime,Manga y Anime,,,,,Re:Zero Starting Life in Another World,
Cine y Televisión > Rick y Morty,Cine y Televisión,Rick y Morty,,,,Rick y Morty,
Cine y Televisión > Star Wars > Sables laser,Cine y Televisión,Star Wars,Sables laser,,,Sable Laser,
Manga y Anime > Sailor Moon,Manga y Anime,Sailor Moon,,,,Sailor Moon,
Manga y Anime,Manga y Anime,,,,,Sailor Moon,
Manga y Anime > Caballeros del Zodiaco - Saint Seiya,Manga y Anime,Caballeros del Zodiaco - Saint Seiya,,,,Saint Seiya,
Manga y Anime,Manga y Anime,,,,,Saint Seiya,
Fabricantes / Marcas > Tamashii Natios > SH Figuarts,Fabricantes / Marcas,Tamashii Natios,SH Figuarts,,,SH Figuarts,
Videojuegos > SONIC THE HEDGEHOG,Videojuegos,SONIC THE HEDGEHOG,,,,SONIC THE HEDGEHOG,
Videojuegos,Videojuegos,,,,,SONIC THE HEDGEHOG,
Fabricantes / Marcas > Tamashii Natios > Soul of Chogokin,Fabricantes / Marcas,Tamashii Natios,Soul of Chogokin,,,Soul of Chogokin,
Cine y Televisión > Star Wars,Cine y Televisión,Star Wars,,,,Star Wars,
Cine y Televisión > Stranger Things,Cine y Televisión,Stranger Things,,,,Stranger Things,
,Cine y Televisión,,,,,Stranger Things,
Videojuegos > Street Fighter,Videojuegos,Street Fighter,,,,Street Fighter,
Videojuegos,Videojuegos,,,,,Street Fighter,
Cine y Televisión > STUDIO GHIBLI,Cine y Televisión,STUDIO GHIBLI,,,,STUDIO GHIBLI,
Manga y Anime > STUDIO GHIBLI,Manga y Anime,STUDIO GHIBLI,,,,STUDIO GHIBLI,
Manga y Anime,Manga y Anime,,,,,STUDIO GHIBLI,
Cine y Televisión > Suicide Squad - Escuadrón Suicida,Cine y Televisión,Suicide Squad - Escuadrón Suicida,,,,Suicide Squad - Escuadrón Suicida,
Videojuegos > Super Mario,Videojuegos,Super Mario,,,,Super Mario,
Videojuegos,Videojuegos,,,,,Super Mario,
Manga y Anime > Sword Art Online,Manga y Anime,Sword Art Online,,,,Sword Art Online,
Manga y Anime,Manga y Anime,,,,,Sword Art Online,
Fabricantes / Marcas > Tamashii Natios,Fabricantes / Marcas,Tamashii Natios,,,,Tamashii Natios,
Videojuegos > Tekken,Videojuegos,Tekken,,,,Tekken,
Videojuegos,Videojuegos,,,,,Tekken,
Cine y Televisión > Terminator,Cine y Televisión,Terminator,,,,Terminator,
Terror > Texas Chainsaw Massacre,Terror,Texas Chainsaw Massacre,,,,Texas Chainsaw Massacre,
Manga y Anime > That Time I Got Reincarnated as a Slime,Manga y Anime,That Time I Got Reincarnated as a Slime,,,,That Time I Got Reincarnated as a Slime,
Manga y Anime,Manga y Anime,,,,,That Time I Got Reincarnated as a Slime,
Superhéroes > DC,Superhéroes,DC,,,,THE FLASH,
Superhéroes,Superhéroes,,,,,THE FLASH,
Manga y Anime > The Kotobuki Squadron in the Wilderness,Manga y Anime,The Kotobuki Squadron in the Wilderness,,,,The Kotobuki Squadron in the Wilderness,
Manga y Anime,Manga y Anime,,,,,The Kotobuki Squadron in the Wilderness,
Cine y Televisión > The Mandalorian,Cine y Televisión,The Mandalorian,,,,The Mandalorian,
Fabricantes / Marcas > Tamashii Natios > The Robot Spirits,Fabricantes / Marcas,Tamashii Natios,The Robot Spirits,,,The Robot Spirits,
Cine y Televisión > The Walking Dead,Cine y Televisión,The Walking Dead,,,,The Walking Dead,
Cine y Televisión > The Witcher,Cine y Televisión,The Witcher,,,,The Witcher,
Videojuegos > The Witcher,Videojuegos,The Witcher,,,,The Witcher,
Videojuegos,Videojuegos,,,,,The Witcher,
Juguetes > TRANSFORMERS,Juguetes,TRANSFORMERS,,,,TRANSFORMERS,
Cine y Televisión > Vengadores - End Game,Cine y Televisión,Vengadores - End Game,,,,Vengadores - End Game,
Videojuegos,Videojuegos,,,,,Videojuego,
Funko Pop > ASSASSIN'S CREED,Funko Pop,ASSASSIN'S CREED,,,,VINYL POP,ASSASSIN'S CREED
Funko Pop > Gears of War,Funko Pop,Gears of War,,,,VINYL POP,Gears of War
Funko Pop > MR. ROBOT,Funko Pop,MR. ROBOT,,,,VINYL POP,MR. ROBOT
Funko Pop > South Park,Funko Pop,South Park,,,,VINYL POP,South Park
Funko Pop,Funko Pop,,,,,VINYL POP,
Cine y Televisión > Walking Dead,Cine y Televisión,Walking Dead,,,,Walking Dead,
Cómics > Americano,Cómics,Americano,,,,,
Juegos de mesa > Clásicos,Juegos de mesa,Clásicos,,,,,
Cine y Televisión > Disney > Figuras,Cine y Televisión,Disney,Figuras,,,,
Cine y Televisión > Disney > Juguetes,Cine y Televisión,Disney,Juguetes,,,,
Juegos de mesa > Divertidos / Party,Juegos de mesa,Divertidos / Party,,,,,
Juegos de mesa > Estrategia,Juegos de mesa,Estrategia,,,,,
Cómics > Europeo,Cómics,Europeo,,,,,
Juegos de mesa > Familiares,Juegos de mesa,Familiares,,,,,
Manga y Anime > Figuras,Manga y Anime,Figuras,,,,,
Cine y Televisión > Harry Potter > Figuras,Cine y Televisión,Harry Potter,Figuras,,,,
Cine y Televisión > Harry Potter > Juguetes,Cine y Televisión,Harry Potter,Juguetes,,,,
Cine y Televisión > Harry Potter > Varitas,Cine y Televisión,Harry Potter,Varitas,,,,
Juegos de mesa > Infantiles,Juegos de mesa,Infantiles,,,,,
Cómics > Manga,Cómics,Manga,,,,,
Juegos de mesa > Para adultos,Juegos de mesa,Para adultos,,,,,
Categorías del producto > Preorder,Categorías del producto,Preorder,,,,,
Música > Queen,Música,Queen,,,,,
Cine y Televisión > Star Wars > Figuras,Cine y Televisión,Star Wars,Figuras,,,,
Cine y Televisión > Star Wars > Juguetes,Cine y Televisión,Star Wars,Juguetes,,,,
Manga y Anime > Sword Art Online Alternative Gun Gale Online,Manga y Anime,Sword Art Online Alternative Gun Gale Online,,,,Sword Art Online,
Categorías del producto,Categorías del producto,,,,,,
Cine y Televisión,Cine y Televisión,,,,,,
Cómics,Cómics,,,,,,
Fabricantes / Marcas,Fabricantes / Marcas,,,,,,
Juguetes,Juguetes,,,,,,
Música,Música,,,,,,
Otro,Otro,,,,,,
Superhéroes,Superhéroes,,,,,,
Terror,Terror,,,,,,
Terror > IT,Terror,IT,,,,Pennywise,
Terror,Terror,,,,,Pennywise,
Superhéroes,Superhéroes,,,,,Batman,
Superhéroes,Superhéroes,,,,,WONDER WOMAN,
Cine y Televisión > Fraggle Rock,Cine y Televisión,Fraggle Rock,,,,Fraggle Rock,
Cine y Televisión,Cine y Televisión,,,,,Fraggle Rock,
Manga y Anime > Yuri!! on ICE,Manga y Anime,Yuri!! on ICE,,,,Yuri!! on ICE,
Manga y Anime,Manga y Anime,,,,,Yuri!! on ICE,
Videojuegos > The Elder Scrolls,Videojuegos,The Elder Scrolls,,,,The Elder Scrolls,
Videojuegos,Videojuegos,,,,,The Elder Scrolls,
Funko Pop > Disney,Funko Pop,Disney,,,,Inside Out,Funko Pop
Cine y Televisión,Cine y Televisión,,,,,BACK TO THE FUTURE,
Cine y Televisión,Cine y Televisión,,,,,Regreso al futuro,
Cine y Televisión > Regreso al futuro - Back to the future,Cine y Televisión,Regreso al futuro - Back to the future,,,,BACK TO THE FUTURE,
Cine y Televisión > Regreso al futuro - Back to the future,Cine y Televisión,Regreso al futuro - Back to the future,,,,Regreso al futuro,
Juegos de mesa > Clásicos,Juegos de mesa,Clásicos,,,,MONOPOLY,
Juegos de mesa,Juegos de mesa,,,,,MONOPOLY,
Cine y Televisión > Big Bang Theory,Cine y Televisión,Big Bang Theory,,,,BIG BANG THEORY,
Cine y Televisión,Cine y Televisión,,,,,BIG BANG THEORY,
Superhéroes > DC,Superhéroes,DC,,,,Batman,
Superhéroes > Marvel,Superhéroes,Marvel,,,,Avengers,
Superhéroes,Superhéroes,,,,,Avengers,
Superhéroes > Marvel,Superhéroes,Marvel,,,,Vengadores,
Superhéroes,Superhéroes,,,,,Vengadores,
Fabricantes / Marcas > Hasbro,Fabricantes / Marcas,Hasbro,,,,Hasbro,
Terror > Pesadilla en Elm Street,Terror,Pesadilla en Elm Street,,,,Elm Street,
Terror,Terror,,,,,Elm Street,
Terror > Viernes 13,Terror,Viernes 13,,,,Jason Voorhees,
Terror,Terror,,,,,Jason Voorhees,
Manga y Anime > Goblin Slayer,Manga y Anime,Goblin Slayer,,,,Goblin Slayer,
Manga y Anime,Manga y Anime,,,,,Goblin Slayer,
Manga y Anime,Manga y Anime,,,,,HATSUNE MIKU,
Manga y Anime > Vocaloid,Manga y Anime,Vocaloid,,,,HATSUNE MIKU,
Música > Vocaloid,Música,Vocaloid,,,,HATSUNE MIKU,
Música,Música,,,,,HATSUNE MIKU,
Manga y Anime,Manga y Anime,,,,,Vocaloid,
Manga y Anime > Vocaloid,Manga y Anime,Vocaloid,,,,Vocaloid,
Música > Vocaloid,Música,Vocaloid,,,,Vocaloid,
Música,Música,,,,,Vocaloid,
Fabricantes / Marcas > Tamashii Nations,Fabricantes / Marcas,Tamashii Nations,,,,Tamashii Nations,
Manga y Anime,Manga y Anime,,,,,Keroro,
Manga y Anime > Keroro,Manga y Anime,Keroro,,,,Keroro,
Cine y Televisión,Cine y Televisión,,,,,CAZAFANTASMAS,
Cine y Televisión > Cazafantasmas,Cine y Televisión,Cazafantasmas,,,,CAZAFANTASMAS,
Juegos de mesa,Juegos de mesa,,,,,Juego de tablero,
Cine y Televisión,Cine y Televisión,,,,,La Naranja Mecánica,
Cine y Televisión > La Naranja Mecánica,Cine y Televisión,La Naranja Mecánica,,,,La Naranja Mecánica,
Cine y Televisión,Cine y Televisión,,,,,muñeco diabólico ,
Cine y Televisión > Chucky - Muñeco diabólico ,Cine y Televisión,Chucky - Muñeco diabólico ,,,,Chucky,
Cine y Televisión > Harry Potter,Cine y Televisión,Harry Potter,,,,Newt Scamander,
Cine y Televisión > Harry Potter,Cine y Televisión,Harry Potter,,,,Animales fantásticos,
Cine y Televisión > Harry Potter,Cine y Televisión,Harry Potter,,,,FANTASTIC BEASTS,
Cine y Televisión > Harry Potter,Cine y Televisión,Harry Potter,,,,Harry Potter,
Cine y Televisión,Cine y Televisión,,,,,Newt Scamander,
Cine y Televisión,Cine y Televisión,,,,,Animales fantásticos,
Cine y Televisión,Cine y Televisión,,,,,FANTASTIC BEASTS,
Cine y Televisión,Cine y Televisión,,,,,Harry Potter,
Cine y Televisión,Cine y Televisión,,,,,Stranger Things ,